Orignal Compute,Original Total,XGBOOST Compute,XGBOOST Total
1.437523842,9.201259375,1.482120991,6.739590406
1.251762152,8.699815273,1.464374542,6.651335955
1.249979496,8.653745413,1.491872549,6.636068106
1.254667759,8.780885696,1.486729145,6.630770922
1.255513191,8.755099058,1.462145567,6.502562523
1.253651381,8.653122902,1.443774223,6.476456404
1.249515295,8.811998844,1.446897268,6.457895756
1.252261162,8.706237793,1.444608212,6.511014938
1.249577999,8.677935839,1.498123884,6.543381691
1.250413895,8.7854743,1.436126709,6.511243105
1.248480797,8.780273199,1.430281401,6.45125103
1.251886368,8.865292311,1.437264681,6.43720603
1.253753185,8.731996536,1.452049255,6.462364197
1.246756554,8.791438818,1.435542107,6.443875313
1.41346693,9.071601391,1.47446084,6.59443903
2.874815464,13.54354382,1.44379878,6.486897469
2.902687073,13.51333284,1.476343393,6.592980146
2.888186932,13.3700707,1.44241786,6.478405952
2.864066839,13.11811447,1.434524298,6.493966818
2.871268988,13.1549015,1.431265116,6.447879553
2.810968637,12.94945621,1.431307077,6.435711622
2.814845085,12.9228456,1.43400836,6.413182735
2.865281582,13.17502093,1.427755594,6.441037655
2.869996548,13.41163373,1.442354679,6.423048019
2.864443779,13.32624078,1.427672148,6.384391546
2.873732328,13.15066838,1.420352697,6.395864725
2.052059889,10.73274183,1.462554455,6.527632236
1.194775105,7.890132189,1.425372601,6.416035414
1.192466259,8.073936939,1.435931206,6.378387928
1.201347351,8.010856867,1.432271481,6.396478176
1.191585064,8.112854481,1.439735889,6.426808596
1.212362051,8.01510334,1.430865288,6.430059671
1.200438261,7.918851137,1.435571194,6.494512558
1.187101126,7.958616972,1.43772459,6.42834425
1.201812267,7.7961936,1.434278727,6.410037518
1.188667059,7.886210442,1.433186054,6.44974947
1.187290192,8.016718864,1.428671598,6.417775393
1.187949657,7.857265949,1.46271944,6.536344051
1.217494011,8.35566783,1.454525232,6.596660614
1.230365276,8.487771749,1.643719673,7.540501595
1.185743332,7.85901618,1.441102982,6.482180119
1.185146093,7.950757742,1.434042692,6.482877016
1.187317848,7.915582895,1.432877064,6.45655489
1.185962677,7.812793255,1.430374384,6.430843592
1.195271969,7.880078316,1.442348242,6.438553333
1.187186003,7.953523159,1.437127829,6.470677614
1.189281702,7.98933959,1.438108444,6.495578289
1.197882891,7.830131531,1.434632063,6.464883804
1.187748194,7.907955885,1.440750837,6.460131645
1.188388586,7.931546211,1.537640572,6.798324585
1.188388348,7.945358038,1.501697779,6.749956608
1.219702959,8.24292922,1.507385015,6.73391819
1.288101673,9.116790533,1.50313282,6.771852255
1.285475969,9.008045912,1.513864756,6.709671974
1.277749777,9.25067091,1.468118668,6.556487799
1.27885747,9.29529047,1.528766632,6.825354338
1.277639389,9.253063679,1.524423838,6.787050962
1.216301441,8.367214203,1.55594492,7.001009226
1.191395521,8.045583487,1.519413233,6.825035095
1.18766737,8.023901463,1.483637571,6.651946783
1.188744783,8.01413703,1.480996609,6.632189989
1.186928988,7.908886909,1.439310551,6.447482824
1.19431138,7.969334364,1.445414782,6.485918999
1.186574936,8.02156353,1.438569069,6.446503401
1.233493328,8.39550209,1.425670147,6.404984474
1.245088816,8.447698116,1.435974121,6.426465273
1.19066,7.855779409,1.437585592,6.463643551
1.193762064,7.934056759,1.435970068,6.443090916
1.192726135,8.079661608,1.438524961,6.419628859
1.192219019,7.918844461,1.455276966,6.480700493
1.189254522,7.913233519,1.420484543,6.386702776
1.190509796,7.996905804,1.431427479,6.447625637
1.188711166,7.887891769,1.456074953,6.505445004
1.190240622,7.946073771,1.420265436,6.38374114
1.186920643,7.8437953,1.424618483,6.408998251
1.189353704,7.907465696,1.420677423,6.358132124
1.189205408,8.020679474,1.425311804,6.402597666
1.188277483,8.060286999,1.416603565,6.371153355
1.186502695,7.92253232,1.424149036,6.387270689
1.187573671,8.115499496,1.430989265,6.414400101
1.187686205,7.983264446,1.425340891,6.408593416
1.189637423,7.912914753,1.434151173,6.371991158
1.187591076,7.952723503,1.417690754,6.357861757
1.189534426,7.891015291,1.437455893,6.380029678
1.777160406,10.40682435,1.503731728,6.715470076
2.822543144,13.79492974,1.631709099,7.538943291
1.281178474,9.339469671,1.419472218,6.398075342
1.279920578,9.103350401,1.421571493,6.391225576
1.281835556,9.124981165,1.425285816,6.375335217
1.285475254,9.349402428,1.420631647,6.375398636
1.271979094,9.262440205,1.433478117,6.422094345
1.263596773,9.168518305,1.429401875,6.393127918
1.264032602,9.251592398,1.438881159,6.412731409
1.265521765,9.232750177,1.430165291,6.401505947
1.264996529,9.083994627,1.419103861,6.383861303
2.337402344,12.3590734,1.444605112,6.502215385
2.85869813,13.84618425,1.42587471,6.412471533
1.55506897,9.207726955,1.418756723,6.475012064
1.188506365,8.039989233,1.435722828,6.445287704
1.189091682,8.026462793,1.433832407,6.429318428
1.191313982,8.084194183,1.431895018,6.410791636
1.190305233,8.025369406,1.440679073,6.478075266
1.188507557,7.963080883,1.430797338,6.426751375
1.210180521,7.982581615,1.437600374,6.429864883
1.188961744,8.033958912,1.43085289,6.458144903
1.190852642,8.050147772,1.426788568,6.379597187
1.188098669,8.078704834,1.427170753,6.426977158
1.194182158,8.035140753,1.45875144,6.562146664
1.198574543,8.122872114,1.429859638,6.447259188
1.188733816,8.151054382,1.432964325,6.482845783
1.194419622,8.178038597,1.426706076,6.398615599
1.194788218,8.097107172,1.436603308,6.404504061
1.190124273,7.881888151,1.421424627,6.352031708
1.189605474,8.04046464,1.420915604,6.384576321
1.189628839,8.053143978,1.42410183,6.384566784
1.190634012,7.979162455,1.437292099,6.402953625
1.191416264,7.979055405,1.431995153,6.416182041
1.190609694,8.129941463,1.431681395,6.410680771
1.192305565,8.023655176,1.431085348,6.460088968
1.194278002,7.943597317,1.44503212,6.504560947
2.777828217,13.54908299,1.429112673,6.408230305
2.914476633,14.05482292,1.421794176,6.397641182
2.562530041,12.68284774,1.431516886,6.454997778
1.190740347,7.968324661,1.429971933,6.40843153
1.190685511,8.067095757,1.420144558,6.405442238
1.200548172,7.872447968,1.434259892,6.428905487
1.195602179,7.925867796,1.430805683,6.418518066
1.19389534,8.043701887,1.435567856,6.410838366
1.193439007,7.92839098,1.433933973,6.421124935
1.195204973,7.904707909,1.445747614,6.46404314
1.200672626,8.089265347,1.443842411,6.490347862
1.28070116,8.997462988,1.623471022,7.372783899
2.214287996,11.76045609,1.486524343,6.872719526
2.904579639,13.86464429,1.440233707,6.433969736
1.992052555,11.2808609,1.433306932,6.457851171
1.275677204,9.199641943,1.443804264,6.500672817
1.264760256,9.383694649,1.442993879,6.521297693
1.262315273,9.275379896,1.437920094,6.458561659
1.262584925,9.331539631,1.442424774,6.529375792
1.26332736,9.410476446,1.430260181,6.424959898
1.263961554,9.16803813,1.427809715,6.397611141
1.265151024,9.140192509,1.422495127,6.404088974
1.262718201,9.210863829,1.459928513,6.575620174
1.261660814,9.206048012,1.435872078,6.489363909
1.260885239,9.344922066,1.446341038,6.494328022
1.260578871,9.215596914,1.448675871,6.307480812
1.261738777,9.397376299,1.442070723,5.967888355
1.261329412,9.190507889,1.43036294,5.937154293
1.262476206,9.27183032,1.431423426,5.958755732
1.262923479,9.203708887,1.425038576,5.920378923
1.26859355,9.086671591,1.427571297,5.923406124
1.260990858,9.168137074,1.430144548,6.011665344
1.262829065,9.202141047,1.420410156,5.959480524
2.717949867,13.24975967,1.425696135,5.854958296
1.264872074,9.135240555,1.422451019,5.910605669
1.263989687,9.14530015,1.418767214,5.869758368
1.261451006,9.114344358,1.435292482,5.897358894
1.265740395,9.30325222,1.420089722,5.868773937
1.262119532,9.068375826,1.418192863,5.881481647
1.261753321,9.233148098,1.41290307,5.861644506
1.263103008,9.251269817,1.413952589,5.865902662
1.262957335,9.13416481,1.412412643,5.868492842
1.263525248,9.254356146,1.417975426,5.869971991
1.263293028,9.165445566,1.41843915,5.886249781
1.243975878,8.886594772,1.420450687,5.898600817
1.191869497,8.010978937,1.416865587,5.848778963
1.191766739,8.05480361,1.434456587,5.899701595
1.193327427,8.00646019,1.419683218,5.922167301
1.194872856,7.893319845,1.458029985,6.061964512
1.916568995,10.22881675,1.420919657,5.904956341
2.187255621,10.99230814,1.429343462,5.915145874
1.961232662,10.98852754,1.434755087,6.009416342
1.267605543,9.220232725,1.435109615,5.937338114
1.267193556,9.317561388,1.436850548,5.975992918
1.27108717,9.077791929,1.427854538,5.91699791
1.268468142,9.298492193,1.435666561,5.921719551
1.269253969,9.261289358,1.43691349,5.917962551
1.26903677,9.137699842,1.426962376,5.944764614
1.271078348,9.252321482,1.417471647,5.899521589
1.269894838,9.341970444,1.436825275,5.919277906
1.271557093,9.219701052,1.543422937,6.590760469
1.268323898,9.268313169,1.50242281,6.258390188
1.271189928,9.324326515,1.453682899,6.011897802
1.274074554,9.316871405,1.450048685,5.950011253
2.684476137,13.59922266,1.437149763,5.948461294
2.929457426,14.20040989,1.433895588,5.960006475
2.875707626,13.83913517,1.438269138,5.929157257
2.912833929,13.98819804,1.430680037,5.92736578
2.870896339,13.81334066,1.430360079,5.905478001
2.902497768,13.85764194,1.437224865,5.888169289
2.29776454,11.88712144,1.430184603,5.919575214
1.912981749,10.68299627,1.445186615,5.95058918
2.897661448,14.08558822,1.426810503,5.89411211
2.641551256,13.19078898,1.437745333,5.914054871
1.199640751,8.124167442,1.429569244,5.87810111
2.155584812,11.51352191,1.445991993,5.928154945
2.873050213,13.87461472,1.435206413,5.921863556
2.906974077,14.09452248,1.433869362,5.906876326
2.91539979,14.15098906,1.424347162,5.888319969
2.872072935,13.9448967,1.420083761,5.914764881
1.27416873,9.229791164,1.416272163,5.870100737
1.267902613,9.237497568,1.421086311,5.903431892
1.274586201,9.345781326,1.427990198,5.870342731
1.267945051,9.368925333,1.429814577,5.881910324
1.266153336,9.054063559,1.4229002,5.841306448
1.267928839,9.229887247,1.418349028,5.857264519
1.266239882,9.290674686,1.417886257,5.903545618
1.269039869,9.35833168,1.416054249,5.833546162
1.27459383,9.202828646,1.41827178,5.870697021
2.494149446,13.05266356,1.429210186,5.880129099
2.892945051,14.14462972,1.425857067,5.873707533
2.860318184,13.93694377,1.438728333,5.880983829
1.192437649,8.077951908,1.439620018,5.917898655
1.199318647,8.011347771,1.417258501,5.856876373
1.205547571,7.969878674,1.437422991,5.872513771
1.193062544,8.043440819,1.42452383,5.859171867
1.191089392,8.00572443,1.428501606,5.879616976
1.194204092,7.9847188,1.428220749,5.889211416
1.195675135,8.0212152,1.428023577,5.863745213
1.194391489,7.964439392,1.422431707,5.883774519
1.249092579,8.750978231,1.425709724,5.873925686
1.272032499,9.03397131,1.418262005,5.870596886
1.268783569,9.207845211,1.418726206,5.885113955
1.974602461,11.45788789,1.419075012,5.865997076
2.91869092,14.14826775,1.447788715,5.89601779
2.90353179,14.13024783,1.433728695,5.910101414
2.041009665,11.58609748,1.431099892,5.933991432
1.26801157,9.391735315,1.429536343,5.908042669
1.270876884,9.23393631,1.418057442,5.899899721
1.269510984,9.190128088,1.441027641,5.911955595
1.257390976,9.291815042,1.433481932,5.931113958
1.197155952,8.020673513,1.549711227,6.714648962
1.198090076,7.96711731,1.477234602,6.182763577
1.203210115,8.040649891,1.449885845,5.961310625
1.197836161,8.088284969,1.432981014,5.906420469
1.205235004,7.946261644,1.42909646,5.915299177
1.196245909,8.049129248,1.435333252,5.987224579
1.196318388,8.184872389,1.438664198,5.984591246
1.196427584,7.968874216,1.441255569,5.96242547
1.195505381,7.946285486,1.441693783,5.95684576
1.194872379,7.991563559,1.437619925,5.920441151
1.196220875,8.044770479,1.434888601,5.941954374
1.200858116,7.917888403,1.436264753,5.920265913
1.199071169,8.079525948,1.431075096,5.927723169
1.195804834,8.035328627,1.42479229,5.915833473
1.192730427,7.957256794,1.422548294,5.870990276
1.194490433,7.92937398,1.434569359,5.902220249
1.195505619,8.040082216,1.444727898,5.892175198
1.197127819,8.059511662,1.433465481,5.890643835
1.201431036,7.98766923,1.448460579,5.906316757
1.186738729,7.956447601,1.422445297,5.888870239
1.187090158,8.168693542,1.416911125,5.877302885
1.18695879,8.082787514,1.440575361,5.917392015
1.184228182,7.899315119,1.416732788,5.865374804
1.184706688,7.918827295,1.430042028,5.908377171
1.18813324,7.8398664,1.432058334,5.895129681
1.190256357,8.06955266,1.437097311,5.924000502
1.19581008,7.929301977,1.442957163,6.022056103
1.189855337,7.932869673,1.426549911,5.920204878
1.186137199,8.008913279,1.445092201,5.941160202
1.186410189,8.004003286,1.429967165,5.932759523
1.185954332,8.00486517,1.434394121,5.928342581
1.187226772,7.978294134,1.43743825,5.966869593
1.186941624,7.85202384,1.445946693,5.986998558
1.187473536,7.989747286,1.452672482,5.973934174
1.874456406,10.29739952,1.42897296,5.931048632
2.886194229,13.54597187,1.424853802,5.940550566
2.873533726,13.72065115,1.42798233,5.957527876
2.942444801,14.15913677,1.428896427,5.911647797
2.401068449,12.41257572,1.433429718,5.97563386
1.193922758,8.063632011,1.449660063,5.981877327
1.189793348,7.954825401,1.434980631,5.947257757
1.189157486,7.967369318,1.452403307,6.026791573
1.189200401,8.146355152,1.430960178,5.928627014
1.194307089,8.07853055,1.429104805,5.96490407
1.206298828,7.983327389,1.430602551,5.93985343
1.194071054,8.016084194,1.444101095,6.000917196
1.193054438,7.946682453,1.447271824,5.996847153
1.191368103,7.92398715,1.452018738,5.999469757
1.19468689,8.124039888,1.454613686,5.961368799
1.186583281,7.885233879,1.429358244,5.923413992
1.187498093,7.945887327,1.509613991,6.338336229
1.186299801,7.988596439,1.674446821,6.990420341
1.190207481,8.069771051,1.437664986,5.946573257
1.18679142,7.97029686,1.436348438,5.960810184
1.18713522,7.921909571,1.436786175,5.934043407
1.18564868,7.916416168,1.440070152,5.925773859
1.208284378,8.165184975,1.425427437,5.933009863
1.19520998,7.966789961,1.42417407,5.906385422
1.192186832,7.925091505,1.421738386,5.902542591
1.190114498,7.955207109,1.434412718,5.911081791
1.187278748,8.015244007,1.43760252,5.937700987
1.18819499,7.897624254,1.454108477,5.940259695
1.188556671,7.945659399,1.435915947,5.905230522
1.186851263,8.01223278,1.424661636,5.916129827
1.191652536,7.886189938,1.423404455,5.896612644
1.18567872,7.934465408,1.421334028,5.89460063
1.187251806,7.927048445,1.423284292,5.928077698
1.187277555,7.948158741,1.421853781,5.877989054
1.197523832,7.934529543,1.420945168,5.892565012
1.187540293,7.932505608,1.427429199,5.879740715
1.1889925,7.886604548,1.424231052,5.843071222
1.194094658,7.904351234,1.424133062,5.901910543
1.194205761,7.890267611,1.422806263,5.937285185
1.186532497,8.078522921,1.436071157,5.900265694
1.183913469,7.858563185,1.432972908,5.90519619
1.186594248,7.920565605,1.429172277,5.910670519
1.207290888,8.071084738,1.441282272,6.018347263
1.193885088,7.971364737,1.424012661,5.904102802
1.201564312,7.999233007,1.427662611,5.952521563
1.188718557,7.982654333,1.417126894,5.875691175
1.189435005,7.953480721,1.414027214,5.862641811
1.18940568,7.916705608,1.417036533,5.901852369
1.187162638,7.974227667,1.420903683,5.891005754
1.188622236,7.778561592,1.419579268,5.891275644
1.194342613,7.907978296,1.423154354,5.901801109
1.188642025,7.95955205,1.425698519,5.884030342
1.188827515,8.016060114,1.429513216,5.946743965
1.188115358,7.973819256,1.416535854,5.88391614
1.193470716,7.805276394,1.421466351,5.911773205
1.198021889,7.946673632,1.445581198,5.901909828
1.199241161,7.957868814,1.425784826,5.935297966
1.188154459,8.026729107,1.418788671,5.919442415
1.18876338,7.942575455,1.42675209,5.919603109
1.185891867,7.930942535,1.428833008,5.938009501
1.187326431,8.067028522,1.429703712,5.943228245
1.186397314,7.94961524,1.436183929,5.954269648
1.193714619,8.011979103,1.450368643,5.942676783
1.185820341,7.924304724,1.430363417,5.9054842
1.185411692,8.026294947,1.430870056,5.941949606
1.187408924,7.951494694,1.428169727,5.918642759
1.185322523,7.933457851,1.425292969,5.895290852
1.195871592,7.923248291,1.508198977,6.416102886
1.188470125,7.818185806,1.509556532,6.601676464
1.18629241,8.11853528,1.427637339,5.892231464
1.190649748,7.862972975,1.426144123,5.898827076
1.18776679,8.014762163,1.421560049,5.921764374
1.188860655,7.938691378,1.413889647,5.896165609
1.188007116,8.02454257,1.412334442,5.841097593
1.188714504,8.031723022,1.413334846,5.855773449
1.190766335,7.9687078,1.413589001,5.873470783
1.185256958,8.017171383,1.41624999,5.852279663
1.184978485,7.985198259,1.421082497,5.902913332
1.19217968,8.270994425,1.415846586,5.876266479
1.190832615,8.138943434,1.422219515,5.860785961
1.192466736,7.873889923,1.425149679,5.868695974
1.189502239,7.942565918,1.412514687,5.863607168
1.189401865,8.050560951,1.432329416,5.867585182
1.192279339,8.029325247,1.416386366,5.837827444
1.277698278,8.746152401,1.414901733,5.851227283
1.212098837,8.179656982,1.418135643,5.901197195
1.191007853,8.04237175,1.420648336,5.874425888
1.189138889,7.97698307,1.435146093,5.924919367
1.186076403,7.843461752,1.42474103,5.897600174
1.191108704,7.92697525,1.425141335,5.911103249
1.192575693,7.883427382,1.426390409,5.965203762
1.187102556,8.046707869,1.427469015,5.90363121
1.193788052,7.894823313,1.422330141,5.903800726
1.186457396,8.010107756,1.434576988,5.949722052
1.190304756,7.861258984,1.420651197,5.87780714
1.195987463,7.906986237,1.423639297,5.939559698
1.195543766,7.987206221,1.417729378,5.901842117
1.192738056,8.010607243,1.423798561,5.901239395
1.182835102,7.888845921,1.421986341,5.92209816
1.187160492,7.993664026,1.43035984,5.899267912
1.187532902,8.005975485,1.437072754,5.938724756
1.187472105,7.908402443,1.424624205,5.903758049
1.187112331,8.048513889,1.428189516,5.92208457
1.188430548,7.966839314,1.441721439,5.931960344
1.188167334,7.972341537,1.436115026,5.971296787
1.186680079,8.023577452,1.457806826,5.994375944
1.985119104,10.80707192,1.444005966,5.997945786
1.389553547,8.541312456,1.434804201,5.951996326
1.188633442,8.017281294,1.434773445,5.972157001
1.187151909,7.924234867,1.425375223,5.927277327
1.187818527,7.911082506,1.424026966,5.922667027
1.191235542,8.126690865,1.417315245,5.90135622
1.18756485,7.88680625,1.434409857,5.961531162
1.186573982,7.976627827,1.431146622,5.959889412
1.182671547,7.865588188,1.435622931,5.988995314
1.184211731,7.885075331,1.442984819,5.969351292
1.186832666,7.881291628,1.437513113,5.956943035
1.191704035,7.971203327,1.471987724,6.309735298
1.191927195,8.02365303,1.596132994,6.783898354
1.197500467,8.042984962,1.462017059,6.065345287
1.217788219,8.319451094,1.425757408,5.957121849
1.285796165,9.040037632,1.423145771,5.908816338
1.636655569,9.990909338,1.434952974,5.926380634
1.802793026,10.29435778,1.443828583,5.934614182
1.270874023,8.65000391,1.418362617,5.890841722
1.272005558,8.624680758,1.416563988,5.887035608
1.270029068,8.668092012,1.424279928,5.89217186
1.276983738,8.63986969,1.421491146,5.892117739
1.270324945,8.647489786,1.429504633,5.950603962
1.269174814,8.673567057,1.427704573,5.90895772
1.269934177,8.706645489,1.43792057,6.013175964
1.27008152,8.66235733,1.435761213,5.991288424
1.267539024,8.604640007,1.441475391,5.99756217
1.268880367,8.64868331,1.444016218,6.006971598
1.278831482,8.599466324,1.437911749,5.964345217
1.278517008,8.950610161,1.431058884,5.956831694
2.462038755,12.73527145,1.416744232,5.901319265
1.920626163,9.941910505,1.436477661,5.928226233
1.527791739,8.862193346,1.426039934,5.919801712
1.684617281,9.914653301,1.421262264,5.890464544
1.278634548,8.803110361,1.416388512,5.915081978
1.273240328,8.478164434,1.41627121,5.886096478
1.272371292,8.56258893,1.417571306,5.904031992
1.268269062,8.603130579,1.423882246,5.923308372
1.267817497,8.479969025,1.422757864,5.920883417
1.268204451,8.63435483,1.432714224,6.00022316
1.266822338,8.546655893,1.427981615,5.952096462
1.220891953,8.189977407,1.426801443,5.952139854
1.195720911,8.001934528,1.432833195,5.936217546
1.196964741,7.956869364,1.442463398,5.978718758
1.22436142,7.368080139,1.46274066,6.006015301
1.206194401,7.247219324,1.439451694,6.030346394
1.240364075,7.660040379,1.434283495,5.702291727
1.207690001,7.625313044,1.435242414,5.609263897
1.21705389,7.863044977,1.419168472,5.553249359
1.191701651,7.826151371,1.417013407,5.544635534
1.194250822,7.787349463,1.419051647,5.536537647
1.196674109,7.809033155,1.415975094,5.538865089
1.188982487,7.737278938,1.41805172,5.549940586
1.189127207,7.796724319,1.428053379,5.589819908
1.192699432,7.773328304,1.434113979,5.604252577
1.198765039,7.875163078,1.427460194,5.615552425
1.193235159,7.746269464,1.424909353,5.578219175
1.190056086,7.881758213,1.423870325,5.57695508
1.193682671,7.796409607,1.43872571,5.565002203
1.197792292,7.785982609,1.417211294,5.527757645
1.194154978,7.784343004,1.433074236,5.542094231
1.200440884,7.65361762,1.436176062,5.619289637
1.195292473,7.692062855,1.432406187,6.21649909
1.195825577,7.811342716,1.677559376,7.533723593
1.196844578,7.934061766,1.467639208,6.6237607
1.193569422,7.635601521,1.423574448,6.41669035
1.194880009,7.672421455,1.422989845,6.387577295
1.194321632,7.800819635,1.425204515,6.401776075
1.195195198,7.78780961,1.422184467,6.351869106
1.203628778,7.870427608,1.425034285,6.364127874
1.191317558,7.816510439,1.420630932,6.378593683
1.183930159,7.827044725,1.420687199,6.361579657
1.199727297,7.857094288,1.418405533,6.367479801
1.192025185,7.764387369,1.427667856,6.407251358
1.201881409,7.83784771,1.426882267,6.433801889
1.19523859,7.816160202,1.418041945,6.356658936
1.203114986,7.823680878,1.414527655,6.374309301
1.191695452,7.716307163,1.436998129,6.402023315
1.191725969,7.790066242,1.419174194,6.381025076
1.192075968,7.90165329,1.439947605,6.380596638
1.190962076,7.775958061,1.426254034,6.397578478
1.189894438,7.730296612,1.42109108,6.389121532
1.190056562,7.829755783,1.417441845,6.37088871
1.190186739,7.690979481,1.423569441,6.419721842
1.19492054,7.707952261,1.420049191,6.405987978
1.192384481,7.773218632,1.429873705,6.409168243
1.192669868,7.848259926,1.469842911,6.529642105
1.19144845,7.818501234,1.441492796,6.468818665
1.191928864,7.733273029,1.441511869,6.156394958
1.192034006,7.800560713,1.447327137,5.629166603
1.19131422,7.672819376,1.432563782,5.604874849
1.201205492,7.711721182,1.435131311,5.59850955
2.765785217,13.14311051,1.430493116,5.598510981
1.423327208,9.389905691,1.429333925,5.593200922
1.289193392,9.297415495,1.437962055,5.574937344
1.281413555,8.925358772,1.419925928,5.552846193
1.279029131,9.038773298,1.430421829,5.592579126
1.278501272,9.023446083,1.429848909,5.625610828
1.272036314,8.994437933,1.422417402,5.593219519
1.201238871,7.752567053,1.439902782,5.595540285
1.199578285,7.819485903,1.42056942,5.562896013
1.198969603,7.826672554,1.413948774,5.551334143
1.202087164,7.758921862,1.423942327,5.849309206
1.199644804,7.960297585,1.434806347,6.262963295
1.198248863,7.929409742,1.447127581,6.290481806
1.200018167,7.808484793,1.420941591,6.178747892
1.202138662,7.676125765,1.419448376,6.005576611
1.200551748,7.695148945,1.42338419,6.018103361
1.198566198,7.717127323,1.413178205,5.970705271
1.198874235,7.928012371,1.416000843,5.99234128
1.198707581,7.742615223,1.4208498,5.990280867
1.198385477,7.893426895,1.432113171,6.087604046
1.196554184,7.914911985,1.552304983,6.660957336
1.216874361,7.942764759,1.433943272,6.120845795
1.194292545,7.722655296,1.42888546,6.040474892
1.193305492,7.783731222,1.42986393,6.061185837
1.193484068,7.820985079,1.434542894,6.091710567
1.195051908,7.733278751,1.430758476,6.022961617
1.194205046,7.778237581,1.424646616,6.02776885
1.192013025,7.791632891,1.418891907,6.010674953
1.193533421,7.782289028,1.429111004,6.00739646
1.195881844,7.809757233,1.426959515,6.048970699
1.197345495,7.923208237,1.442018747,6.019155979
1.194001675,7.976767778,1.420447111,6.028389692
1.197967052,7.703353167,1.443557024,6.049990177
1.193767786,7.686659575,1.421625137,6.042340994
1.193555832,7.839840174,1.42770648,6.065161467
1.194480419,7.791963339,1.422247171,6.057507515
1.194121838,7.817726612,1.425149918,6.040671587
1.194251299,7.915213346,1.432106018,6.111305237
1.196338892,7.851655483,1.427097321,6.043581486
1.193158388,7.718302727,1.430377245,6.061985493
1.194276571,7.901509523,1.455868721,6.159180641
1.193451166,7.758960247,1.440612793,6.087960005
1.190163136,7.828494549,1.440988064,6.103142977
1.19512558,7.997354031,1.429872036,5.882100105
1.196011543,7.866291761,1.421969891,5.594513655
1.200124741,7.857852459,1.443463326,5.669941425
1.19782114,7.774840117,1.421717167,5.571475506
1.195674419,7.850763321,1.455159426,5.66307807
1.199926853,7.863648891,1.435272455,5.620690584
1.19533658,7.828801155,1.430397034,5.639710903
1.193149328,7.91626215,1.43722415,5.617738724
1.193311453,7.710993052,1.432875395,5.601442814
1.195503235,7.936158419,1.434984207,5.648137093
1.19426918,7.744988203,1.42823863,5.634227276
1.191981792,7.824026108,1.424986362,5.61975956
1.202696562,7.870701313,1.428828001,5.65083003
1.195165873,7.807965279,1.422329187,5.593423367
1.192364216,7.767316103,1.439730644,6.088227034
1.194760084,7.723534346,1.46299839,6.398699999
1.192656517,7.732179165,1.458459139,6.406021357
1.19349885,7.823420763,1.439954758,6.340627432
1.192543745,7.848329067,1.428119659,6.305244207
1.193877459,7.928411484,1.43218112,6.281621695
1.193223953,7.900759935,1.436352015,6.320784807
1.193632841,7.866894722,1.439497948,6.331928492
1.192680836,7.722798824,1.447865009,6.363233328
1.191904306,7.850210428,1.443841219,6.346404314
1.191112995,7.692860842,1.431787968,6.341348886
1.19136095,7.761995316,1.425912619,6.269691706
1.191329002,7.606962442,1.43875742,6.532740831
1.19281745,7.809730053,1.547513485,7.145419359
1.193536758,7.832292557,1.431432486,6.416481256
1.191373348,7.769266367,1.42130971,6.246700525
1.191009521,7.829184771,1.416617155,6.21738553
1.191208601,7.811000586,1.433973074,6.244318724
1.194370508,7.918009043,1.420118093,6.213265657
1.199412584,7.821473122,1.416163445,6.232102633
1.198472738,8.060106277,1.417239666,6.230510473
1.203370571,7.875563622,1.417535067,6.211898804
1.198922873,7.758011103,1.428307772,6.28632021
1.199318647,7.967001677,1.428212881,6.27293849
1.198079348,7.840285778,1.436763525,6.289188385
1.199177027,7.825835466,1.43060708,6.26798296
1.195183992,7.898091793,1.427438736,6.276290655
1.192007065,7.820574999,1.428765774,6.304968119
1.197646618,7.878001928,1.428380251,6.266758204
1.192934513,7.890781403,1.438695669,6.280238628
1.198848248,7.858371258,1.419487,6.215775967
1.191709518,7.716971874,1.423269272,6.24215126
1.191620111,8.004951,1.42211628,6.255107403
1.196824789,7.939928532,1.424598455,6.236138821
1.192626715,7.958576679,1.441651344,6.302493572
1.191335678,8.049838781,1.418323517,6.23794055
1.193208933,7.960021496,1.444184542,6.301129818
1.194888353,7.935200214,1.464511871,6.364943743
1.192799807,7.948083162,1.428207397,6.286889315
1.192770481,8.000602007,1.426062584,6.292347431
1.192950726,7.982250452,1.430570602,6.277902126
1.199021101,7.976021528,1.443955898,6.310196877
1.19339633,8.114297628,1.43521595,6.299853086
1.192795753,8.20003891,1.445286751,6.305081129
1.191822529,8.184620142,1.431723595,6.288194895
1.19134903,8.15906024,1.439306974,6.319684029
1.190600395,8.153160334,1.437645435,6.331273317
1.19320178,8.082231045,1.436685085,6.300945282
1.196911097,8.279154778,1.434970379,6.335073471
1.195012331,8.216456175,1.43321991,6.316604137
1.195329189,8.119778872,1.424984455,6.262164831
1.198527813,8.238158703,1.423002481,6.266822338
1.196745634,8.106806278,1.423011541,6.250033617
1.194396973,8.213700533,1.431749105,6.27772975
1.192536354,8.167690277,1.429275274,6.294210196
1.19845438,8.25893116,1.446352482,6.327830315
1.193355083,8.142751217,1.422719479,6.288906097
1.194763422,8.179913044,1.421994209,6.2880373
1.192877769,8.249039173,1.434769154,6.275742769
1.194490433,8.26030755,1.425038815,6.306638956
1.194893599,8.140767813,1.465013266,6.686984301
1.19450593,8.0895226,1.543430805,6.806588888
1.19622159,8.198700666,1.424161196,6.306025505
1.192342043,8.315861702,1.422721148,6.267228842
1.193749428,8.304140806,1.43149209,6.292669058
1.191659451,8.205716372,1.434416771,6.338842154
1.193534613,8.103311777,1.427051544,6.324718237
1.245950222,9.051259756,1.425645351,6.299690485
1.283263922,9.823955774,1.42244792,5.887500048
1.283591032,10.05194759,1.415686131,5.53999567
1.2633636,9.234223604,1.422537088,5.585934162
1.278343439,9.701784611,1.415001392,5.538520098
1.210391521,8.519076586,1.421843052,5.580613852
1.200666189,8.522484779,1.415043592,5.553349495
1.2024858,8.396901369,1.417906761,5.566130877
1.194205523,8.500666618,1.41574502,5.575121641
1.19336009,8.584626436,1.415214777,5.530954838
1.200053453,8.632431269,1.417813301,5.555082798
1.200112581,8.825594664,1.420453072,5.572232962
1.258342028,9.623672009,1.420269728,5.580514908
1.276687384,9.788841248,1.416451693,5.558940172
1.275887966,9.824166536,1.441910028,5.609643936
1.276475668,9.841811657,1.424588442,5.596643925
1.280302048,9.879181862,1.430383205,6.192601442
1.277505636,9.720927238,1.422871828,6.313025713
1.278351545,9.744463205,1.434533834,6.384205341
1.253296614,9.355466366,1.457131386,6.428468943
1.236299038,9.230030537,1.426759958,6.43444109
1.27814126,9.851846933,1.429934025,6.440113544
1.281231165,9.937783957,1.437056303,6.428577662
1.272762775,9.822490692,1.428726673,6.436414242
1.268123865,9.629705667,1.433998823,6.456012964
1.265788078,8.730360031,1.455422163,6.517088652
1.268144846,8.73396039,1.436837196,6.457057476
1.262753248,8.733968496,1.441528797,6.500649691
1.266945601,8.856141329,1.451304674,6.490628958
1.269487143,8.842351198,1.432260513,6.412273645
1.266753674,8.76828742,1.427731991,6.424950361
1.269556284,8.98010087,1.42184186,6.401199102
1.26550436,8.741117716,1.423210621,6.423885584
1.266600847,8.861289263,1.42442131,6.370475054
1.267257929,8.752746344,1.426885605,6.375440121
1.267459631,8.882120609,1.426334143,6.437654495
1.264844894,8.79240346,1.430173397,6.435903311
1.265114784,8.844579458,1.430989504,6.455185413
1.269105434,8.895559072,1.425866842,6.421857595
1.270083189,8.860669851,1.425936937,6.441991806
1.269521713,8.836666346,1.422482967,6.397205114
1.266292334,8.848552942,1.421767235,6.386196852
1.270385742,8.781090736,1.501740932,6.952951431
1.267729759,8.919844627,1.500221014,6.963386059
1.26279974,8.671438932,1.434055805,6.40912056
1.267823935,8.919510841,1.422061682,6.406514883
1.269602537,8.745014668,1.426794529,6.406224012
1.271517754,8.610406876,1.415348291,6.362755775
1.27005434,8.610219955,1.42363286,6.413665533
1.272441626,8.613751888,1.429805279,6.495753288
1.266667604,8.552244663,1.422077894,6.397999525
1.26579833,8.623884439,1.420546055,6.402391911
1.265943289,8.59933424,1.422217131,6.374768972
1.267398596,8.638963938,1.419597626,6.390372753
1.266802311,8.693864584,1.420465469,6.383545399
1.266592264,8.581649065,1.43009758,6.403388977
1.272399902,8.561469555,1.438639164,6.407526731
1.266353607,8.625416517,1.424190521,6.430197716
1.264623404,8.577758789,1.432109833,6.398572206
1.268012285,8.670073509,1.420678616,6.372319937
1.265119791,8.592534781,1.422540426,6.435696602
1.264790297,8.666440487,1.415941954,6.354995728
1.267803669,8.528409481,1.424866676,6.3857162
1.268548965,8.660674095,1.417678356,6.414683104
1.265001297,8.546283245,1.416557789,6.4338727
1.26578927,8.616764784,1.423363447,6.429937363
1.267524719,8.451025248,1.419047832,6.406535864
1.266304255,8.533024549,1.44803071,6.454772949
1.268060684,8.498058081,1.451472759,6.558315992
1.268707275,8.556614399,1.455880642,6.55216527
1.222385645,7.978109598,1.467859983,6.527121782
1.198964357,7.798279047,1.435976028,6.464701176
1.198518753,7.820514679,1.440526962,6.457132101
1.19983387,7.904056549,1.438220024,6.468365669
1.197789907,7.748541117,1.452020407,6.478423595
1.199296951,7.793375969,1.4271245,6.399965286
1.202167749,8.023548603,1.432001829,6.38527298
1.205214024,8.123126268,1.426111221,6.409425497
1.197458744,7.85537672,1.426368475,6.41150713
1.1967628,7.919822693,1.418588638,6.380859375
1.200127125,8.028655052,1.424365044,6.413120985
1.196030855,7.939480066,1.452480078,6.461941004
1.191724777,7.905970335,1.435486555,6.43592
1.192377806,7.903645754,1.429298639,6.450635195
1.192339182,8.011048794,1.458199263,6.454301119
1.201260328,7.968572378,1.423993349,6.395464659
1.192549706,7.958976269,1.426834106,6.365484476
1.192722082,7.712964773,1.422904253,6.389671564
1.192986012,7.890723467,1.436375141,6.371298075
1.194957972,7.760900974,1.510831356,7.00217557
1.202671766,8.009395361,1.4969275,6.712213755
1.204385519,7.651463985,1.450054407,6.464994192
1.193923473,7.810254335,1.42991519,6.421800852
1.19269681,7.834061623,1.447252989,6.439925671
1.195157528,7.912076712,1.431041718,6.423160553
1.192193508,7.819091558,1.448448181,6.430572748
1.196666479,7.827710867,1.435605764,6.44418335
1.192368746,7.880767107,1.436486959,6.442050457
1.193477869,7.989705086,1.44480443,6.434474945
1.194299459,7.62607193,1.425872803,6.413640976
1.19436264,7.423955917,1.427770138,6.419654369
1.19033432,7.269781113,1.42653966,6.400216579
1.195051193,7.346719027,1.447582245,6.459165573
1.192066908,7.351534367,1.428854227,6.388492584
1.191028595,7.400875807,1.426617146,6.397524118
1.192783117,7.340729475,1.428604126,6.443196535
1.196065903,7.37540102,1.422572851,6.416196108
1.190241814,7.402154684,1.433502436,6.433509111
1.192715168,7.498983383,1.430794954,6.391139269
1.195464611,7.352912426,1.450945616,6.460207939
1.19638896,7.518482208,1.440016985,6.44264698
1.195713282,7.51982069,1.440923929,6.470873117
1.19541502,7.3821311,1.448609352,6.483754396
1.206844091,7.625630617,1.433319807,6.421243429
1.198466539,7.625324726,1.434002161,6.392651558
1.194915295,7.465196848,1.425344944,6.388669729
1.192446947,7.487856388,1.425830603,6.403621435
1.195180655,7.404126167,1.426259995,6.391673326
1.204755545,7.465339422,1.432351351,6.411467314
1.197657824,7.50061202,1.435041189,6.379803181
1.197666645,7.698933125,1.422047615,6.37477088
1.197846413,7.665235043,1.436638594,6.408320904
1.203200102,7.681078434,1.42113471,6.407404661
1.194982052,7.583444357,1.439695597,6.401687384
1.193696737,7.608968973,1.427440882,6.39421916
1.192024708,7.696709633,1.4237535,6.383446217
1.193721533,7.606584072,1.426581144,6.416123629
1.191488504,7.527383804,1.436163187,6.428361177
1.193702221,7.475128651,1.429984331,6.417933941
1.193865061,7.548893452,1.435446262,6.445536375
1.19622159,7.546315193,1.43989706,6.461831808
1.195359945,7.607030153,1.429645061,6.408043623
1.194164991,7.601790667,1.428629875,6.420086861
1.193881035,7.527510881,1.43832469,6.459542751
1.193848848,7.536820173,1.434680939,6.442831516
1.194672108,7.559051514,1.434894085,6.446794748
1.194298267,7.645847321,1.509833574,6.899032116
1.193977356,7.530550957,1.480249405,6.768704176
1.205735445,7.612077475,1.43159914,6.430217028
1.194464922,7.50030756,1.43313694,6.485357046
1.195939064,7.537351847,1.43654561,6.49638176
1.194590092,7.508891821,1.429566622,6.435841322
1.197084427,7.640571356,1.432465076,6.487551212
1.193879604,7.522455215,1.428668976,6.433815241
1.196161747,7.580198288,1.443082333,6.473540783
1.194677591,7.5711689,1.435369015,6.452566624
1.197666168,7.482956648,1.43788743,6.490495443
1.194927931,7.491542578,1.441480398,6.479783773
1.1997962,7.578731775,1.449183464,6.494324684
1.196735859,7.526836157,1.448399067,6.503248215
1.195353985,7.535740852,1.434911728,6.500862122
1.196672201,7.452256441,1.441640377,6.450334072
1.196656942,7.522282124,1.437503576,6.501356125
1.19731164,7.476478338,1.443395376,6.509289503
1.201836586,7.667358637,1.44525075,6.476536274
1.1986413,7.6315341,1.446305037,6.502335787
1.197167397,7.497950554,1.452322245,6.465325832
1.200975895,7.614333868,1.433036327,6.432908058
1.198509693,7.566148043,1.428678036,6.437596798
1.198844671,7.580431938,1.426655293,6.432758093
1.204331398,7.511213303,1.436781406,6.453888178
1.195540667,7.55440712,1.424037218,6.381864786
1.197163343,7.60804224,1.42350769,6.402420759
1.197737217,7.556761742,1.424448729,6.421370745
1.196802378,7.561344862,1.429986238,6.387910366
1.19576931,7.586330175,1.432663679,6.387518644
1.20633626,7.616289854,1.421610117,6.376714706
1.194009066,7.513476372,1.435966253,6.427228928
1.196680546,7.392674685,1.437289715,6.471604109
1.195441008,7.594710827,1.425171614,6.412527323
1.191920042,7.526138067,1.426396132,6.396595955
1.198750734,7.50674057,1.424150467,6.375659943
1.197744131,7.609313726,1.42999506,6.413738489
1.202002764,7.531822681,1.421129465,6.378398657
1.200414419,7.487410545,1.430777788,6.409982681
1.19819665,7.605901718,1.428378344,6.412974596
1.197611809,7.590005875,1.43066144,6.4263587
1.19686389,7.597857952,1.433964729,6.462048769
1.196188211,7.501747847,1.43514061,6.440755367
1.196399927,7.579595804,1.432821512,6.4687078
1.196341753,7.469846964,1.43192935,6.435858488
1.203427076,7.559255838,1.42748785,6.435262918
1.198754072,7.582231998,1.486312389,6.540211678
1.20872426,7.685215473,1.46717906,5.758761168
1.200027227,7.742569208,1.418982983,5.585321665
1.200512648,7.686655283,1.418719292,5.589335442
1.194577217,7.612053156,1.437878609,5.59681344
1.197231531,7.591032982,1.420385838,5.569663763
1.19530344,7.605605602,1.42314887,5.614353657
1.198194981,7.441427231,1.426644564,5.6328969
1.19772768,7.58224535,1.43439579,5.627220869
1.196410894,7.58096385,1.425482035,5.595498323
1.198759794,7.449164391,1.421767473,5.603242159
1.195387602,7.519671202,1.429704189,5.626568556
1.196650982,7.344847202,1.436822653,5.68225956
1.19395709,7.399082422,1.43002367,5.626030684
1.194402218,7.353729486,1.440000534,5.658645868
1.193718433,7.365872145,1.468173742,5.733407021
1.195441723,7.431020975,1.441096306,6.188461304
1.193969727,7.485364199,1.446028709,6.347683907
1.193390369,7.416437149,1.438368797,6.355202198
1.197450161,7.420346498,1.43329215,6.317094564
1.193215132,7.561560869,1.428353786,6.319883347
1.204714298,7.464550018,1.433179617,6.312292099
1.194709301,7.558289528,1.447296619,6.291291475
1.199371338,7.513735056,1.428160429,6.294074297
1.196773767,7.571499109,1.421890259,6.245081902
1.194478035,7.49514389,1.435885429,6.300961494
1.192880869,7.42150712,1.417300701,6.254428387
1.194643497,7.618710995,1.425854683,6.280008554
1.201585054,7.58117342,1.42320776,6.292422771
1.20196104,7.63000679,1.423996687,6.330928802
1.201920509,7.47920084,1.431656837,6.338240862
1.214730501,7.434750319,1.442291737,6.35009408
1.201725721,7.339031935,1.444384336,6.337807894
1.21490097,7.351581097,1.438954592,6.362253428
1.201999903,7.350924492,1.470043898,6.414133072
1.201621294,7.404504776,1.428707361,6.331957817
1.206419468,7.38997674,1.42579174,6.318647861
1.201968908,7.465960741,1.420445442,6.296798468
1.202378988,7.407985449,1.428177357,6.303782225
1.202278137,7.450852633,1.443879604,6.317261934
1.203281641,7.554530859,1.421855688,6.279019594
1.208801508,7.430681229,1.438147068,6.318956375
1.203975439,7.358452797,1.420848846,6.27473712
1.204217672,7.456402063,1.41584897,6.292611837
1.205205679,7.461137533,1.42769742,6.308706284
1.201701164,7.530158997,1.413699389,6.258690357
1.204670429,7.4140203,1.422370195,6.318333387
1.202961445,7.37417078,1.427340508,6.322066069
1.198563576,7.428608656,1.427766562,6.332821369
1.194176912,7.424131632,1.511600256,6.634144068
1.197942972,7.492949724,1.493013144,6.663230896
1.192342997,7.752306938,1.420757771,6.286082268
1.200606108,8.06221199,1.426992416,6.31538868
1.20280385,7.895517826,1.426050663,6.314523697
1.205623388,7.855401516,1.433249712,6.343936682
1.203087807,7.913895845,1.430978775,6.346432447
1.20196557,7.766177893,1.437590837,6.327282429
1.203701496,7.700113773,1.439816713,6.371106386
1.197596073,7.713801622,1.435403824,6.34280467
1.211516619,7.854259014,1.425681114,6.311449051
1.199766874,7.98796773,1.434395075,6.384269953
1.200842381,7.867959023,1.423705101,6.306066275
1.197792053,7.787125826,1.421445608,6.295094252
1.19986701,7.7752707,1.421116114,6.265834808
1.200693846,7.87619257,1.423406363,6.333699226
1.199442625,7.901125431,1.429634571,6.316369057
1.198860168,7.768933773,1.4380126,6.341088533
1.206548691,7.918236017,1.428708076,6.34373045
1.201825619,7.912621737,1.432800531,6.342283726
1.201687336,7.872988701,1.432527065,6.343909502
1.255617619,8.675365925,1.434807539,6.356326342
1.284273386,9.110511303,1.433463097,6.368104935
1.283668041,8.984485388,1.454395056,6.407928944
1.244776964,8.408375502,1.429944038,6.324739218
1.219909906,7.798694611,1.430123329,6.375173569
1.212768555,7.908270836,1.427481174,6.319552422
1.206739426,7.931936979,1.430779457,6.357806683
1.20423913,7.836178064,1.453789473,6.379011631
1.274387836,9.318771839,1.428472519,6.308460236
1.209851503,7.92716217,1.437020063,6.325160265
1.244507551,8.557849169,1.434718132,6.326833248
1.273124695,8.717828989,1.450992584,6.283596754
1.275534868,8.689061403,1.437814236,6.276558638
1.833968878,10.46516037,1.43153286,6.246320486
1.204383135,7.779620886,1.434472561,6.30346036
2.817167044,13.55996084,1.442615509,6.403417826
2.946594238,14.03699875,1.435572147,6.389394283
2.562470675,12.54382086,1.43964076,6.411159992
1.201891184,7.855691433,1.447457314,6.515781164
1.207404852,7.880031586,1.439577579,6.475714684
1.209973812,7.864293814,1.44025445,6.462935925
1.199715853,7.743442059,1.440583706,6.497480869
1.20152998,7.826650858,1.42998004,6.433787584
1.201608896,7.986317158,1.444110155,6.472708702
1.206355572,7.896701336,1.446099758,6.491049528
1.201776743,7.893635988,1.445405722,6.560813665
1.199817419,7.781767845,1.54302454,6.940234184
1.204735518,7.795289278,1.538435698,7.015679836
1.201185703,7.931205988,1.447669506,6.555542946
1.20353961,7.810724735,1.439414978,6.47489953
1.201023102,7.848990917,1.439174414,6.458132267
1.202853918,7.813142776,1.444637775,6.491572142
1.201463461,7.836818933,1.432023525,6.419220448
1.264467239,8.805725813,1.429336309,6.397961855
1.287311316,8.901196718,1.418205261,6.385916948
1.283082485,8.761436939,1.419599295,6.374014854
1.291730881,8.904462576,1.423205614,6.381035805
1.273021221,8.910200357,1.416465759,6.372998953
1.2008183,7.873580933,1.417440653,6.372189999
1.206516504,7.873443604,1.42265749,6.38830018
1.210988283,7.943509102,1.424020767,6.411544561
1.203192234,7.811467171,1.420311689,6.360345364
1.200551033,7.870486259,1.422900677,6.440454721
1.200258493,7.84038043,1.427313566,6.379598856
1.244150877,8.558348417,1.437085629,6.415131807
1.285487652,8.958734035,1.431223154,6.390417576
1.286163092,8.898534298,1.432681799,6.444959879
1.283947229,8.853424072,1.425106287,6.373467922
1.277728558,8.657629251,1.428946972,6.418521166
1.21561408,7.756636858,1.439930201,6.486712694
1.205770731,7.777838945,1.429666281,6.432509661
1.206121206,7.753157854,1.429509401,6.423202515
1.219076157,7.691307783,1.435917854,6.478448868
1.2488873,8.125378609,1.428202868,6.437622786
1.28365016,8.81269145,1.431032896,6.433016777
1.280578852,8.831418276,1.437597752,6.412107706
1.232051134,7.996700525,1.439401388,6.496456861
1.201517582,7.590807199,1.43670249,6.478048325
1.202995539,7.567460775,1.435571671,6.484032631
1.201023579,7.589167833,1.43115592,6.431912184
1.202926159,7.62153554,1.434502125,6.470702887
1.207743168,7.621953487,1.432323933,6.450690985
1.202097178,7.571149111,1.432900429,6.453072071
1.200537443,7.634961605,1.440374374,6.436154127
1.204610348,7.597237349,1.43558073,6.479579926
1.200557232,7.67079711,1.460269928,6.507093906
1.202275753,7.657480717,1.445395708,6.514026165
1.204121828,7.584971189,1.449548721,6.555936813
1.203029394,7.560069084,1.449248791,6.514152765
1.202876806,7.663192511,1.447881937,6.499226809
1.205325127,7.475034237,1.442652464,6.475709915
1.291367531,8.795881271,1.448502779,6.502287149
1.28465414,8.609663248,1.49029994,6.933321953
1.285694361,8.664379358,1.557399988,7.04144311
1.287198305,8.807407618,1.426604986,6.45985961
1.277541637,8.890766144,1.428471565,6.389041424
1.340853691,10.10615587,1.426080704,6.394951105
1.205899,7.795983076,1.43452549,6.452224493
1.207330227,7.75216651,1.434706211,6.442640066
1.20442915,7.736607075,1.432163715,6.429950237
1.202191591,7.649820566,1.434399605,6.42944169
1.203223705,7.644901991,1.429636478,6.420180321
1.21202302,7.72278142,1.429933548,6.424014807
1.216827869,7.6352911,1.448725939,6.424360514
1.213700771,7.710332394,1.426540375,6.368781328
1.212516546,7.749742985,1.42389822,6.386775255
1.204611063,7.641545057,1.426453829,6.421870232
1.193628073,7.548673391,1.429580212,6.451400518
1.191572189,7.617357492,1.429359436,6.437945127
1.19560194,7.796645641,1.434188128,6.43291235
1.194035292,7.782337904,1.453918457,6.44205308
1.19374752,7.639955521,1.437815189,6.432748795
1.193729401,7.584445238,1.434651375,6.439035654
1.194335699,7.571732998,1.430498838,6.461119413
1.227665663,8.396442413,1.426624537,6.409085274
1.263452768,9.060897589,1.437911987,6.487137556
1.213249207,8.105334759,1.421727657,6.371788263
1.190643072,7.769882679,1.418941975,6.445173025
1.193629742,7.70481658,1.426873922,6.388094902
1.195560217,7.478345871,1.431827307,6.451142788
1.192205667,7.498412132,1.431413889,6.455596685
1.192981243,7.588527203,1.434103012,6.456669569
1.193636894,7.623778105,1.429332256,6.430680513
1.194499254,7.594180822,1.429139137,6.405492544
1.198875666,7.454275608,1.431433678,6.458272219
1.197219133,7.642817974,1.429641008,6.421778917
1.197450638,7.525399208,1.431208134,6.406263828
1.186320543,7.398879528,1.432158947,6.4550457
1.18827033,7.374878168,1.426042795,6.408313751
1.204472542,7.499726534,1.447499037,6.45439744
1.198125839,7.462237358,1.435859442,6.481111526
1.198579788,7.511909246,1.447609186,6.422450781
1.1991117,7.547744036,1.4300735,6.403517246
1.195719957,7.447528839,1.41956687,6.367295504
1.196311474,7.515496492,1.425028086,6.405818701
1.194971085,7.366144896,1.429016829,6.384246588
1.190755367,7.45535183,1.449792624,6.450583696
1.19173789,7.552275896,1.440756321,6.438236713
1.19492507,7.524320602,1.451887369,6.42371583
1.194751263,7.63808012,1.503988981,6.807232857
1.197098017,7.485620737,1.499382496,6.815081835
1.195096254,7.461065292,1.42717123,6.387350559
1.196251869,7.580883741,1.428478479,6.397256851
1.196357727,7.540628672,1.428956985,6.423603773
1.193434954,7.456041098,1.427134037,6.381083965
1.198310375,7.619675636,1.443704605,6.434765577
1.198179483,7.464240074,1.435956478,6.438621759
1.199017525,7.563550472,1.430316687,6.448836088
1.194380999,7.465182543,1.428577423,6.387276888
1.201456547,7.420627832,1.422851801,5.600556374
1.193696976,7.673666954,1.438029289,5.572379351
1.193188667,7.736915588,1.419944048,5.542979956
1.193439484,7.670043945,1.428128481,5.594336271
1.194177628,7.63774538,1.437370539,5.585229158
1.195380926,7.634286165,1.429373264,5.601625681
1.193809032,7.78316021,1.421005964,5.606422424
1.19532752,7.872140408,1.42518425,5.569292068
1.196224928,7.847399473,1.427254915,5.583293676
1.195956945,7.86346817,1.450094223,5.614652634
1.197901249,7.631847382,1.433074236,5.630028486
1.195969582,7.646212578,1.433036566,5.585130453
1.193794489,7.532832623,1.440604925,5.638401031
1.194777012,7.502721786,1.428376198,5.608726025
1.196132421,7.565278053,1.439184427,5.635044336
1.198531151,7.55328083,1.432444096,5.63782835
1.196155787,7.576874256,1.448348045,6.335672617
1.199806213,7.535442114,1.453359604,6.380246401
1.195007086,7.508359909,1.447079659,6.392848253
1.211407423,7.654855967,1.454999924,6.287065744
1.282390118,8.155270576,1.435113907,5.622779131
1.280998707,8.168231487,1.43516016,5.616370201
1.28191781,8.269699335,1.449814081,5.589241505
1.287859917,8.194677353,1.437309265,5.653971434
1.275351286,8.806962013,1.438606501,5.655317545
1.274041176,8.60355854,1.434551954,5.624749184
1.277718782,8.716051102,1.442149878,5.675056696
1.274146557,8.702169418,1.429439783,5.637536764
1.273970127,8.734535456,1.433786154,5.62849617
1.27525115,8.810978889,1.417884111,5.647513151
1.281459808,8.688409805,1.43338418,5.604315996
1.274170876,8.841911316,1.414436102,5.583143711
